candidate_id,cost_bp_side,period,cagr,total_return,sharpe,max_dd,pt_days,positive_day_rate
S01_session_momentum,-1.0,2019,0.1321170938432614,0.0681297589246177,1.1723415828014123,-0.0637717093749983,46,0.5149253731343284
S01_session_momentum,-1.0,2020,-0.1675283252520154,-0.1674238431690601,-0.8847085269407768,-0.2650424976690111,277,0.4899598393574297
S01_session_momentum,-1.0,2021,1.1392271288637987,1.1248010224174352,4.391763940546744,-0.066385576521711,4,0.6309523809523809
S01_session_momentum,-1.0,2022,0.7377914294223804,0.7292673761883313,2.8309923087271387,-0.1004232755671468,23,0.5378486055776892
S01_session_momentum,-1.0,2023,0.1202892519160137,0.1188095637449584,0.8108159170049296,-0.1221940685619821,36,0.488
S01_session_momentum,-1.0,2024,0.3914434906866935,0.3911289117447771,1.8910198981321944,-0.1377355421119963,45,0.5158730158730159
S01_session_momentum,-1.0,2025,0.7911650930942187,0.7875957255744732,3.4886019521902614,-0.0879716853442714,58,0.528
S01_session_momentum,-1.0,2026,1.567252009247171,0.3595856614157897,4.311401792918474,-0.0795052617852478,33,0.5853658536585366
S01_session_momentum,-0.5,2019,-0.0103818424582124,-0.0055277327179048,-0.0389485430090908,-0.0875503031607803,95,0.5
S01_session_momentum,-0.5,2020,-0.2712247586760787,-0.2710669201421591,-1.5948855290520283,-0.335292547949746,277,0.4618473895582329
S01_session_momentum,-0.5,2021,0.8686174104936348,0.8582510995847725,3.625276089264004,-0.0684103143851315,4,0.5952380952380952
S01_session_momentum,-0.5,2022,0.5186082069330706,0.512973201401637,2.164241839795481,-0.1085966404646772,23,0.5219123505976095
S01_session_momentum,-0.5,2023,-0.0210726477947279,-0.0208300210609793,-0.0609154059191394,-0.1334221966519061,36,0.464
S01_session_momentum,-0.5,2024,0.2165038755914023,0.2163407026000781,1.158606974252049,-0.1519462721561705,45,0.492063492063492
S01_session_momentum,-0.5,2025,0.5672810794583736,0.5648727820418686,2.7083092171815424,-0.107748614318742,58,0.52
S01_session_momentum,-0.5,2026,1.2457903754471964,0.3016001253763203,3.714343565428576,-0.0907714911401057,33,0.5487804878048781
S01_session_momentum,0.0,2019,-0.1350066049845966,-0.0741411511626091,-1.2502386688195932,-0.1212031784037765,105,0.4925373134328358
S01_session_momentum,0.0,2020,-0.3620496402625105,-0.3618533367109559,-2.30506253116328,-0.4106968876876269,336,0.4497991967871486
S01_session_momentum,0.0,2021,0.632122009100198,0.6250231235936761,2.858788237981266,-0.0727812240260676,16,0.5674603174603174
S01_session_momentum,0.0,2022,0.3269746983100015,0.3236385540980342,1.497491370863825,-0.1167000763369984,23,0.50199203187251
S01_session_momentum,0.0,2023,-0.1446585877436316,-0.143102027906432,-0.9326467288432072,-0.1893486724361501,191,0.448
S01_session_momentum,0.0,2024,0.0634824047286299,0.0634376034290991,0.4261940503719055,-0.1668657644769322,65,0.4801587301587302
S01_session_momentum,0.0,2025,0.37128359019661,0.3698026006633939,1.9280164821728225,-0.12710692874335,58,0.5
S01_session_momentum,0.0,2026,0.96444116464593,0.2460587497690007,3.117285337938678,-0.101905755061957,33,0.5487804878048781
S01_session_momentum,1.0,2019,-0.339292226013088,-0.197584605372509,-3.672818920440599,-0.2011731252418145,192,0.4253731343283582
S01_session_momentum,1.0,2020,-0.5112568264349182,-0.5110172741801835,-3.725416535385783,-0.5391202469885603,341,0.4176706827309236
S01_session_momentum,1.0,2021,0.244867586250663,0.2424437955574307,1.325812535415788,-0.0921058522271667,92,0.5198412698412699
S01_session_momentum,1.0,2022,0.0129843416837422,0.0128680666431086,0.1639904330005119,-0.1539787261269466,114,0.4780876494023904
S01_session_momentum,1.0,2023,-0.3471345827689642,-0.3438874403783993,-2.6761093746913445,-0.3561487677249643,321,0.416
S01_session_momentum,1.0,2024,-0.1874118847942865,-0.1872964507505717,-1.0386317973883827,-0.2282025064537103,295,0.4523809523809524
S01_session_momentum,1.0,2025,0.049530990577534,0.0493573639940041,0.3674310121553825,-0.1646021150357851,58,0.452
S01_session_momentum,1.0,2026,0.502746766599826,0.1419054480781507,1.9231688829588824,-0.1299857960278161,47,0.524390243902439
S01_session_momentum,3.0,2019,-0.6148524443241938,-0.3975670224982045,-8.51797942368261,-0.3989847597221961,192,0.2761194029850746
S01_session_momentum,3.0,2020,-0.7133866137512439,-0.7131413630077469,-6.566124543830791,-0.7223251569453352,351,0.3092369477911647
S01_session_momentum,3.0,2021,-0.2764182459179155,-0.2743321400118832,-1.7401388697151656,-0.3058733259591013,288,0.4047619047619047
S01_session_momentum,3.0,2022,-0.4101967767487414,-0.4074194497245357,-2.5030114427261165,-0.4326006981486322,354,0.4023904382470119
S01_session_momentum,3.0,2023,-0.6199721475408516,-0.6156696877178325,-6.163034666387618,-0.6156696877178325,360,0.316
S01_session_momentum,3.0,2024,-0.526002577584634,-0.5257603087203897,-3.968283492908959,-0.5452000501429117,360,0.3888888888888889
S01_session_momentum,3.0,2025,-0.3857301999154955,-0.3847048872782321,-2.7537399278794963,-0.4142139144715114,309,0.384
S01_session_momentum,3.0,2026,-0.1213679216840998,-0.0412793096566262,-0.4650640270007096,-0.1888141792091968,57,0.4878048780487805
S01_session_momentum,5.0,2019,-0.7757448683092909,-0.5479865778704461,-13.363139926924628,-0.5480885158223778,192,0.1716417910447761
S01_session_momentum,5.0,2020,-0.8321139409015392,-0.8319087590898379,-9.4068325522758,-0.8341764609888197,354,0.253012048192771
S01_session_momentum,5.0,2021,-0.5799044364262111,-0.5766500142309803,-4.806090274846124,-0.5815009200786958,360,0.3373015873015873
S01_session_momentum,5.0,2022,-0.6569884568782112,-0.6537071176973497,-5.170013318452747,-0.6641770053055558,354,0.350597609561753
S01_session_momentum,5.0,2023,-0.7790452678988475,-0.7751292823662236,-9.649959958083898,-0.7751292823662236,360,0.276
S01_session_momentum,5.0,2024,-0.7238277901017458,-0.7235844528112478,-6.89793518842954,-0.7332349271505374,360,0.2976190476190476
S01_session_momentum,5.0,2025,-0.6408919120868258,-0.6396310657774349,-5.874910867914378,-0.6396310657774349,363,0.312
S01_session_momentum,5.0,2026,-0.4868667698799136,-0.195378283312528,-2.8532969369603047,-0.2573334026523327,71,0.3536585365853658
S02_range_location,-1.0,2019,-0.0106064549883556,-0.0056476256597025,-0.2335645683599377,-0.0573578261099081,43,0.4552238805970149
S02_range_location,-1.0,2020,0.0948804164629968,0.0948124886605672,1.4507776789781093,-0.0534060919590019,69,0.5060240963855421
S02_range_location,-1.0,2021,0.2491774700588742,0.2467069475721355,3.2577035630229614,-0.0436469726165514,74,0.5793650793650794
S02_range_location,-1.0,2022,0.0999647620218733,0.0990326220762263,1.1045802279389467,-0.0504536499778162,29,0.4940239043824701
S02_range_location,-1.0,2023,0.1505460230487831,0.1486701221655839,2.391345055191595,-0.0341004564827953,50,0.536
S02_range_location,-1.0,2024,0.1236323288779237,0.1235426829078456,1.9214986987781064,-0.035028125875949,15,0.5436507936507936
S02_range_location,-1.0,2025,0.3339464844765689,0.3326317126429423,4.449463992610957,-0.0390433639970558,52,0.6
S02_range_location,-1.0,2026,0.756160932192971,0.2013791502202759,6.350167936199366,-0.0252556196486808,14,0.6463414634146342
S02_range_location,-0.5,2019,-0.0749906574681381,-0.0405579549850362,-1.8383140883688744,-0.0656125103719527,49,0.4104477611940298
S02_range_location,-0.5,2020,0.0245099854408412,0.024493005478368,0.4110632051533526,-0.0721373673210075,157,0.465863453815261
S02_range_location,-0.5,2021,0.1673446606083251,0.1657385610760369,2.2756966234396447,-0.056578356834539,74,0.5436507936507936
S02_range_location,-0.5,2022,0.0281481063448791,0.0278941830289143,0.3533109420698925,-0.0605829599208374,120,0.4860557768924303
S02_range_location,-0.5,2023,0.0755294420638945,0.0746185933774283,1.255611307347113,-0.0430836688544893,50,0.508
S02_range_location,-0.5,2024,0.0505797709856326,0.0505442904824346,0.8309538797802645,-0.0378641442820438,15,0.5198412698412699
S02_range_location,-0.5,2025,0.2477145940015979,0.2467699273244068,3.4246220465575057,-0.0479819473757939,52,0.58
S02_range_location,-0.5,2026,0.6423928315905498,0.1754477643886123,5.599408181610306,-0.0282004743133197,16,0.6463414634146342
S02_range_location,0.0,2019,-0.1352006206178386,-0.0742514581590109,-3.443063608377809,-0.0794993782010469,90,0.3955223880597014
S02_range_location,0.0,2020,-0.0413545628925344,-0.0413268503594888,-0.6286512686714022,-0.097571024835296,160,0.4417670682730923
S02_range_location,0.0,2021,0.0908529651649361,0.0900092215324654,1.293689683856329,-0.0693382715820835,74,0.496031746031746
S02_range_location,0.0,2022,-0.0389969470192557,-0.0386567469820675,-0.3979583437991612,-0.0972181348367938,297,0.4621513944223107
S02_range_location,0.0,2023,0.0053859318711357,0.0053230953882035,0.1198775595026327,-0.0530101928370463,62,0.456
S02_range_location,0.0,2024,-0.0177409086633398,-0.0177288739559599,-0.2595909392175762,-0.0462867399219698,171,0.4761904761904761
S02_range_location,0.0,2025,0.1670363115214002,0.1664195370374233,2.399780100504055,-0.0568397403494331,52,0.544
S02_range_location,0.0,2026,0.5359675034881735,0.1500694190225393,4.848648427021244,-0.0313130990132187,16,0.5975609756097561
S02_range_location,1.0,2019,-0.2441589689540857,-0.1381549620238832,-6.652562648395682,-0.1381549620238832,193,0.3134328358208955
S02_range_location,1.0,2020,-0.1606974570235024,-0.1605968127907477,-2.7080802163209143,-0.1825299120022717,342,0.4016064257028112
S02_range_location,1.0,2021,-0.0474738643838497,-0.0470615415888394,-0.6703241953103036,-0.1184711246170787,243,0.4365079365079365
S02_range_location,1.0,2022,-0.1604637263563014,-0.1591561282102079,-1.9004969155372684,-0.195353427293033,346,0.4023904382470119
S02_range_location,1.0,2023,-0.1215230594448216,-0.120197661586977,-2.1515899361863293,-0.1452321623946953,351,0.408
S02_range_location,1.0,2024,-0.1413884402445289,-0.1412988492630817,-2.440680577213258,-0.1472572747716661,360,0.4126984126984127
S02_range_location,1.0,2025,0.020938024098688,0.0208656251926631,0.3500962083971528,-0.0821276205006722,80,0.5
S02_range_location,1.0,2026,0.3432868271721432,0.1009254834354127,3.3471289178431234,-0.0378788525966099,22,0.573170731707317
S02_range_location,3.0,2019,-0.4227460486224947,-0.2531185134260431,-13.071560728431423,-0.2531185134260431,193,0.2014925373134328
S02_range_location,3.0,2020,-0.3567984387423999,-0.3566041294492156,-6.866938111619938,-0.3630441072545048,361,0.3132530120481928
S02_range_location,3.0,2021,-0.2738874097819452,-0.2718166308472095,-4.598351953643569,-0.2839101243763057,302,0.3492063492063492
S02_range_location,3.0,2022,-0.3594178438718243,-0.3568741932002656,-4.905574059013484,-0.3778666036432282,351,0.3227091633466135
S02_range_location,3.0,2023,-0.3294493036369618,-0.3263237509229805,-6.694524927564252,-0.3399012485037692,351,0.304
S02_range_location,3.0,2024,-0.344089662664639,-0.3439003007421826,-6.802859853204623,-0.3465717449227604,364,0.2976190476190476
S02_range_location,3.0,2025,-0.2188464501249462,-0.2181858969704054,-3.749271575816651,-0.2210452442105648,363,0.372
S02_range_location,3.0,2026,0.0271860639320444,0.0087773727131597,0.3440898994868803,-0.0558954308460974,27,0.4756097560975609
S02_range_location,5.0,2019,-0.5592643747930115,-0.3528459106413568,-19.49055880846717,-0.3528459106413568,193,0.1119402985074626
S02_range_location,5.0,2020,-0.5072211303446705,-0.5069823750448623,-11.025796006918965,-0.5098343589865606,361,0.2208835341365461
S02_range_location,5.0,2021,-0.4466434267464529,-0.4437220852848496,-8.526379711976839,-0.4451393856114325,361,0.2698412698412698
S02_range_location,5.0,2022,-0.5113649461988583,-0.5082413149725352,-7.910651202489704,-0.5197185317550967,351,0.2589641434262948
S02_range_location,5.0,2023,-0.4883093473106707,-0.4843043910923602,-11.23745991894218,-0.4903762537793769,351,0.224
S02_range_location,5.0,2024,-0.4990813604790286,-0.498844281217476,-11.165039129195993,-0.500354053637956,364,0.2539682539682539
S02_range_location,5.0,2025,-0.4024844158725192,-0.4014304225581124,-7.848639360030458,-0.4029850984006031,363,0.288
S02_range_location,5.0,2026,-0.2147550812705861,-0.0757441089987813,-2.658949118869366,-0.0979708576478355,71,0.3780487804878049
S03_opening_continuation_q95,-1.0,2019,0.1770402188907798,0.0904363204728619,3.237201912183904,-0.0075089384728767,27,0.1044776119402985
S03_opening_continuation_q95,-1.0,2020,0.2153137252753543,0.2151515260280878,2.806710886716026,-0.035469520155179,55,0.2369477911646586
S03_opening_continuation_q95,-1.0,2021,0.1544037183831059,0.1529297799336066,3.113235087468278,-0.0126106440624941,13,0.1746031746031746
S03_opening_continuation_q95,-1.0,2022,0.0754034154082119,0.0747080168585954,1.4141463405060295,-0.0453237372199093,18,0.2430278884462151
S03_opening_continuation_q95,-1.0,2023,0.0347503145549821,0.034339100638534,0.7123732495756251,-0.039374683713375,38,0.204
S03_opening_continuation_q95,-1.0,2024,0.1201969113622134,0.1201098871096224,2.11538394893695,-0.0364753991980041,61,0.2301587301587301
S03_opening_continuation_q95,-1.0,2025,0.2625397834655374,0.2615328953669309,3.7842050460129752,-0.0216595889066777,8,0.272
S03_opening_continuation_q95,-1.0,2026,0.0335621977851154,0.0108132603576009,0.4466724126590743,-0.0395202241365535,34,0.3658536585365853
S03_opening_continuation_q95,-0.5,2019,0.1494113923115692,0.0767655201228711,2.86087442581245,-0.0087704394332829,27,0.0895522388059701
S03_opening_continuation_q95,-0.5,2020,0.1415207985488835,0.1414173855063238,1.940107457830209,-0.0409754634594348,55,0.2208835341365461
S03_opening_continuation_q95,-0.5,2021,0.1039876102636958,0.1030162314778204,2.209494892004283,-0.015367431327385,127,0.1626984126984127
S03_opening_continuation_q95,-0.5,2022,0.0069250882042266,0.0068632576939866,0.1583478755253765,-0.0524638150954702,180,0.2270916334661354
S03_opening_continuation_q95,-0.5,2023,-0.0207265194311658,-0.0204878361148923,-0.3974854184881777,-0.0472782081309032,38,0.188
S03_opening_continuation_q95,-0.5,2024,0.0501266188064732,0.0500914636957035,0.9362136860517698,-0.0507485103676087,75,0.2182539682539682
S03_opening_continuation_q95,-0.5,2025,0.181189934280789,0.1805169757382754,2.763930397143255,-0.0241493023888657,8,0.26
S03_opening_continuation_q95,-0.5,2026,-0.0873651022652692,-0.0293456226674002,-1.0844700076562312,-0.0552489136086191,60,0.3536585365853658
S03_opening_continuation_q95,0.0,2019,0.1224142714517826,0.0632576428694722,2.4471564620774235,-0.010031138171467,27,0.0895522388059701
S03_opening_continuation_q95,0.0,2020,0.0721660262655266,0.0721148916044287,1.0456698643818838,-0.0550780621397893,134,0.1967871485943775
S03_opening_continuation_q95,0.0,2021,0.055743490181858,0.0552340321114943,1.242722469487504,-0.021999586088398,128,0.1507936507936507
S03_opening_continuation_q95,0.0,2022,-0.0572320504910196,-0.0567375281973643,-1.1017448619012558,-0.0894275259150128,293,0.1912350597609561
S03_opening_continuation_q95,0.0,2023,-0.0732613955747756,-0.0724405905070743,-1.496307511452462,-0.0760453704174838,344,0.168
S03_opening_continuation_q95,0.0,2024,-0.0156009204730096,-0.0155903258997202,-0.2663626367424287,-0.0651035290375312,75,0.1825396825396825
S03_opening_continuation_q95,0.0,2025,0.105035183150449,0.1046575345145428,1.691637827237727,-0.0371800981479104,89,0.24
S03_opening_continuation_q95,0.0,2026,-0.1942074037693658,-0.067932973572607,-2.607037263476166,-0.0756557294612465,76,0.3414634146341463
S03_opening_continuation_q95,1.0,2019,0.0702592189384121,0.0367233148612198,1.515184498216151,-0.0125501289811686,27,0.0895522388059701
S03_opening_continuation_q95,1.0,2020,-0.0542709261677183,-0.0542348057852039,-0.7762346428693061,-0.1203105582023217,266,0.1646586345381526
S03_opening_continuation_q95,1.0,2021,-0.0345940607911685,-0.0342915817681225,-0.7743797911848466,-0.0658526744093034,287,0.119047619047619
S03_opening_continuation_q95,1.0,2022,-0.173646811448073,-0.1722431793740322,-3.503510793403576,-0.1835621906301765,293,0.1394422310756972
S03_opening_continuation_q95,1.0,2023,-0.170114451668665,-0.1683118853840166,-3.549073530545094,-0.1704974602214162,344,0.116
S03_opening_continuation_q95,1.0,2024,-0.1350781299860615,-0.1349922160079185,-2.6220477147479486,-0.135126630822575,346,0.1507936507936507
S03_opening_continuation_q95,1.0,2025,-0.0329835583504083,-0.0328725543083073,-0.5320699378833001,-0.0672556913332982,89,0.204
S03_opening_continuation_q95,1.0,2026,-0.3719810614074594,-0.140633021901645,-5.580108571152765,-0.1449860798323944,117,0.2195121951219512
S03_opening_continuation_q95,3.0,2019,-0.0270689408088282,-0.0144699452444695,-0.595130100470467,-0.0223341633930008,42,0.0746268656716417
S03_opening_continuation_q95,3.0,2020,-0.2645238101737137,-0.264369128899407,-4.189854733142163,-0.2857318812282174,333,0.1004016064257028
S03_opening_continuation_q95,3.0,2021,-0.1930155765904243,-0.1914742289181948,-4.338881036326771,-0.1946991629453216,335,0.0753968253968253
S03_opening_continuation_q95,3.0,2022,-0.365445012197381,-0.362871703514917,-7.260670890316811,-0.362871703514917,358,0.0717131474103585
S03_opening_continuation_q95,3.0,2023,-0.3347923137605675,-0.3316294520165973,-6.659299853409264,-0.331697263712804,344,0.056
S03_opening_continuation_q95,3.0,2024,-0.332618644568998,-0.3324338929357421,-6.502229569331286,-0.3324338929357421,356,0.0714285714285714
S03_opening_continuation_q95,3.0,2025,-0.2598346073893014,-0.2590720582553363,-4.694301189337047,-0.2590720582553363,355,0.124
S03_opening_continuation_q95,3.0,2026,-0.6188826533405263,-0.2696901605744365,-10.975599315514623,-0.2715534391739482,117,0.1463414634146341
S03_opening_continuation_q95,5.0,2019,-0.1157602328634358,-0.0632557211149721,-2.5410477129462503,-0.0632557211149721,174,0.0298507462686567
S03_opening_continuation_q95,5.0,2020,-0.4283994645893593,-0.4281805967602924,-6.846155565435565,-0.4320072627577829,333,0.0602409638554216
S03_opening_continuation_q95,5.0,2021,-0.3257479568511923,-0.323379092732192,-6.594219669127152,-0.323379092732192,357,0.0357142857142857
S03_opening_continuation_q95,5.0,2022,-0.5130542331204283,-0.5099262993274971,-9.5269287242554,-0.5099262993274971,358,0.0239043824701195
S03_opening_continuation_q95,5.0,2023,-0.4670929126919575,-0.4631757294731033,-8.490230712120939,-0.4631757294731033,346,0.016
S03_opening_continuation_q95,5.0,2024,-0.4853825710936894,-0.4851485161222879,-8.961980784393136,-0.4851485161222879,356,0.0396825396825396
S03_opening_continuation_q95,5.0,2025,-0.433854150553465,-0.4327508099353753,-7.756285257961623,-0.4327508099353753,355,0.06
S03_opening_continuation_q95,5.0,2026,-0.7690107658762372,-0.3796232863783707,-15.360547645368424,-0.3796385139384421,117,0.073170731707317
S04_extreme_momentum_q95,-1.0,2019,-0.048068687562824,-0.0258260328406892,-2.601206865513894,-0.0275785329755793,150,0.2835820895522388
S04_extreme_momentum_q95,-1.0,2020,0.0064707408892967,0.0064662976197595,0.1487364561581448,-0.0484097312039848,49,0.4859437751004016
S04_extreme_momentum_q95,-1.0,2021,0.0920357645562219,0.0911805839872106,1.906515041422372,-0.0212371362747635,89,0.5119047619047619
S04_extreme_momentum_q95,-1.0,2022,0.0557754369561469,0.0552656793396277,0.8994437639232962,-0.0461917258075892,190,0.4940239043824701
S04_extreme_momentum_q95,-1.0,2023,0.014111288935672,0.0139459522452427,0.3060168288767184,-0.0348492652139551,36,0.472
S04_extreme_momentum_q95,-1.0,2024,0.0225408293761775,0.0225252285463146,0.5059487052377776,-0.0398600835802817,37,0.4722222222222222
S04_extreme_momentum_q95,-1.0,2025,0.0971932129520651,0.0968449777427649,1.6492768538369789,-0.0669992084261728,74,0.472
S04_extreme_momentum_q95,-1.0,2026,0.3316113010132866,0.097798690171404,3.7854750799423535,-0.0234837765349867,20,0.573170731707317
S04_extreme_momentum_q95,-0.5,2019,-0.054620657777794,-0.029393145916976,-2.9520340872173807,-0.0309132654373275,150,0.2686567164179104
S04_extreme_momentum_q95,-0.5,2020,-0.0134574367057581,-0.013448287808817,-0.2298545916115291,-0.0556545696257783,118,0.4819277108433735
S04_extreme_momentum_q95,-0.5,2021,0.0749903583839595,0.07429889924518,1.5722578127539435,-0.0243722308187701,110,0.5119047619047619
S04_extreme_momentum_q95,-0.5,2022,0.0365395262193846,0.0362085808288035,0.6060617254669313,-0.054960720903178,190,0.4581673306772908
S04_extreme_momentum_q95,-0.5,2023,-0.0020746673002014,-0.0020505515175783,-0.0169220175680935,-0.0361543909833583,36,0.464
S04_extreme_momentum_q95,-0.5,2024,0.0052795517747981,0.0052759286025825,0.1371711869186329,-0.042276122299707,37,0.4603174603174603
S04_extreme_momentum_q95,-0.5,2025,0.0774575581979428,0.0771824981436735,1.334126638369031,-0.0702651007475441,74,0.468
S04_extreme_momentum_q95,-0.5,2026,0.2881833127203173,0.0860034158380542,3.356002522055132,-0.0255608548755253,27,0.573170731707317
S04_extreme_momentum_q95,0.0,2019,-0.0611279293560025,-0.0329474147702733,-3.2972684374507395,-0.0342367727631873,150,0.2611940298507462
S04_extreme_momentum_q95,0.0,2020,-0.0329932901642852,-0.0329710839373993,-0.6079774413397357,-0.0634997727518481,118,0.465863453815261
S04_extreme_momentum_q95,0.0,2021,0.0582095355152845,0.0576769297465102,1.2367342314893424,-0.0281388110571971,110,0.492063492063492
S04_extreme_momentum_q95,0.0,2022,0.0176522757746528,0.0174938396561998,0.3116839286179018,-0.0636499179986122,190,0.4541832669322709
S04_extreme_momentum_q95,0.0,2023,-0.0180036978220018,-0.0177960844706038,-0.3391502979005607,-0.0422517575211177,196,0.444
S04_extreme_momentum_q95,0.0,2024,-0.0116919730069026,-0.0116840172227006,-0.2324803984895594,-0.0446863568722647,37,0.4484126984126984
S04_extreme_momentum_q95,0.0,2025,0.0580750135936496,0.0578706197914835,1.0178193746658504,-0.0735198491597043,74,0.468
S04_extreme_momentum_q95,0.0,2026,0.246165403480473,0.0743331221076166,2.9249894559256666,-0.0277220657441972,27,0.5609756097560976
S04_extreme_momentum_q95,1.0,2019,-0.0740095835866371,-0.0400176015614878,-3.968976081831995,-0.0408674379124416,168,0.2537313432835821
S04_extreme_momentum_q95,1.0,2020,-0.0709185927118393,-0.070871813833801,-1.3616590527189278,-0.0884250779413128,327,0.4538152610441767
S04_extreme_momentum_q95,1.0,2021,0.0254253660363754,0.025196304346666,0.5626503713148469,-0.0356292073641484,110,0.4603174603174603
S04_extreme_momentum_q95,1.0,2022,-0.0191012788593929,-0.0189329346433937,-0.2796735619640519,-0.080791786671545,190,0.4103585657370518
S04_extreme_momentum_q95,1.0,2023,-0.0491071416046838,-0.0485498397241419,-0.9808447270312128,-0.0602898601982748,232,0.412
S04_extreme_momentum_q95,1.0,2024,-0.0447850301005063,-0.0447550728441495,-0.9733640228410456,-0.0518523806532726,57,0.4404761904761904
S04_extreme_momentum_q95,1.0,2025,0.0203442292136291,0.0202739038351529,0.3822498969102805,-0.0799960623373261,74,0.452
S04_extreme_momentum_q95,1.0,2026,0.1661789619563662,0.0513622669569482,2.0588860583820856,-0.0320309658304542,27,0.524390243902439
S04_extreme_momentum_q95,3.0,2019,-0.0992496725428657,-0.0540058349209261,-5.226421196361557,-0.0546908089469506,171,0.2238805970149253
S04_extreme_momentum_q95,3.0,2020,-0.1423893476831816,-0.1422991763843851,-2.850884606485441,-0.1545706695696647,327,0.3855421686746988
S04_extreme_momentum_q95,3.0,2021,-0.0371435260035557,-0.0368191832091761,-0.7921722348738057,-0.0525709326496833,291,0.3928571428571428
S04_extreme_momentum_q95,3.0,2022,-0.0886936419833045,-0.0879402149312161,-1.470007020097822,-0.1241809821783891,247,0.3864541832669322
S04_extreme_momentum_q95,3.0,2023,-0.1084051687559076,-0.1072139700889092,-2.2489314600802257,-0.1100248639957434,349,0.384
S04_extreme_momentum_q95,3.0,2024,-0.1077016143842997,-0.10763201441792,-2.4540600123747227,-0.1100295619212564,352,0.4166666666666667
S04_extreme_momentum_q95,3.0,2025,-0.0511491787920812,-0.050978670085754,-0.8969753460854047,-0.1055456125778955,225,0.416
S04_extreme_momentum_q95,3.0,2026,0.0212171223895198,0.0068637649164071,0.3143045324760454,-0.0405949259750146,27,0.4756097560975609
S04_extreme_momentum_q95,5.0,2019,-0.1238077234904736,-0.067793598245286,-6.356100830340227,-0.0683444172081725,171,0.2164179104477611
S04_extreme_momentum_q95,5.0,2020,-0.208391720248472,-0.2082650914800354,-4.301877507722375,-0.2168826901191642,340,0.357429718875502
S04_extreme_momentum_q95,5.0,2021,-0.0959148234290953,-0.0951033124145892,-2.145200514728816,-0.1001681327478711,361,0.3611111111111111
S04_extreme_momentum_q95,5.0,2022,-0.153372758844784,-0.15211757390684,-2.6650032752530666,-0.1718184060852176,323,0.3545816733067729
S04_extreme_momentum_q95,5.0,2023,-0.1640246386652815,-0.1622801159534784,-3.489044451081471,-0.1640268658482695,349,0.364
S04_extreme_momentum_q95,5.0,2024,-0.1664961525855978,-0.1663922479663441,-3.919311539186562,-0.1680484986855777,360,0.373015873015873
S04_extreme_momentum_q95,5.0,2025,-0.1176583571783074,-0.1172802886899144,-2.179652854587259,-0.142834293150455,225,0.392
S04_extreme_momentum_q95,5.0,2026,-0.1057970827841819,-0.0357765939861105,-1.439035034568228,-0.0590387744637089,72,0.4268292682926829
S05_volume_confirmed_q95,-1.0,2019,-0.0467924107479105,-0.0251325258231195,-2.3268220562616326,-0.032459679477434,122,0.2985074626865671
S05_volume_confirmed_q95,-1.0,2020,0.0070114930614382,0.0070066771822414,0.1535743496094308,-0.05093507970094,39,0.4779116465863454
S05_volume_confirmed_q95,-1.0,2021,0.0984509823671435,0.097533574276525,2.208845992382347,-0.0196313599731213,98,0.4722222222222222
S05_volume_confirmed_q95,-1.0,2022,0.0434721479819792,0.0430771183444671,0.709747869183703,-0.0394643847863475,29,0.4741035856573705
S05_volume_confirmed_q95,-1.0,2023,0.0402829940007811,0.0398050597102388,0.7944072099613559,-0.0287533194860426,32,0.46
S05_volume_confirmed_q95,-1.0,2024,0.0174801237229669,0.0174680553355413,0.417768917135811,-0.0531957034971866,40,0.4722222222222222
S05_volume_confirmed_q95,-1.0,2025,0.105807378280881,0.1054268230349655,1.9170813520522776,-0.0532878194122862,77,0.5
S05_volume_confirmed_q95,-1.0,2026,0.3358523781857159,0.0989366120659398,3.4815355123301246,-0.0246188815545693,24,0.5609756097560976
S05_volume_confirmed_q95,-0.5,2019,-0.0532634547981931,-0.0286532894540952,-2.651099062239003,-0.034845249529344,122,0.291044776119403
S05_volume_confirmed_q95,-0.5,2020,-0.0124177434156897,-0.0124092968894211,-0.1962803882583503,-0.0576359150352041,200,0.4738955823293173
S05_volume_confirmed_q95,-0.5,2021,0.0819808823654213,0.0812225650988869,1.862186922852594,-0.0227643668346588,98,0.4642857142857143
S05_volume_confirmed_q95,-0.5,2022,0.0253894630017923,0.0251607287210164,0.4314264043917711,-0.0410519520625909,29,0.4621513944223107
S05_volume_confirmed_q95,-0.5,2023,0.0243406791210836,0.0240540750353166,0.4938529989557558,-0.0300660783332291,32,0.456
S05_volume_confirmed_q95,-0.5,2024,0.0007519461767964,0.0007514313043639,0.038954264453516,-0.0566800016865789,57,0.4603174603174603
S05_volume_confirmed_q95,-0.5,2025,0.0864999614018064,0.0861915258928522,1.589486425905551,-0.0569908032482328,135,0.496
S05_volume_confirmed_q95,-0.5,2026,0.2927583770350332,0.0872585444578304,3.0984932654545383,-0.0268146097464042,24,0.5487804878048781
S05_volume_confirmed_q95,0.0,2019,-0.059690912013864,-0.0321615253469635,-2.9722278449007944,-0.0372250679975301,122,0.291044776119403
S05_volume_confirmed_q95,0.0,2020,-0.0314743036217632,-0.0314531030421635,-0.5455563934784466,-0.0707047121433573,246,0.4698795180722891
S05_volume_confirmed_q95,0.0,2021,0.0657563255803566,0.0651525671611574,1.5131268593846965,-0.0258875838859425,98,0.4484126984126984
S05_volume_confirmed_q95,0.0,2022,0.0076184278430513,0.0075503836858838,0.1522721417758075,-0.0426370631662951,29,0.4621513944223107
S05_volume_confirmed_q95,0.0,2023,0.0086413505682891,0.008540372831121,0.1930376737621844,-0.0313771701329961,32,0.444
S05_volume_confirmed_q95,0.0,2024,-0.0157027452061684,-0.0156920820363861,-0.3398153278834615,-0.0604349884957324,57,0.4484126984126984
S05_volume_confirmed_q95,0.0,2025,0.0675278101081295,0.0672891025189119,1.2601572389088005,-0.0631207249330484,135,0.48
S05_volume_confirmed_q95,0.0,2026,0.2510484416211482,0.0757028595956577,2.713505312244591,-0.0290057103826102,24,0.524390243902439
S05_volume_confirmed_q95,1.0,2019,-0.0724162291487303,-0.0391405894246004,-3.603631209689384,-0.0419675043783508,122,0.2761194029850746
S05_volume_confirmed_q95,1.0,2020,-0.0684976864391602,-0.0684524449285294,-1.2413989010614128,-0.0972366206854469,249,0.4497991967871486
S05_volume_confirmed_q95,1.0,2021,0.034029336437144,0.0337214942549601,0.8086789730539111,-0.0321047680791495,98,0.4285714285714285
S05_volume_confirmed_q95,1.0,2022,-0.0270099690043847,-0.0267728803578298,-0.4081266427459847,-0.0595194742609207,251,0.4422310756972111
S05_volume_confirmed_q95,1.0,2023,-0.0220430251750928,-0.0217893505038246,-0.4088595817433241,-0.0365659508556649,76,0.436
S05_volume_confirmed_q95,1.0,2024,-0.0478093819584726,-0.0477774527086458,-1.0960942890978569,-0.067901512024856,57,0.4246031746031746
S05_volume_confirmed_q95,1.0,2025,0.0305662444085461,0.0304600599277375,0.5969222721320923,-0.0752630129500262,135,0.464
S05_volume_confirmed_q95,1.0,2026,0.1716051534003946,0.0529535926364206,1.9380360163321817,-0.0339055500682063,35,0.524390243902439
S05_volume_confirmed_q95,3.0,2019,-0.0973565092408002,-0.0529503068284177,-4.814383683161933,-0.0545233574845985,171,0.2388059701492537
S05_volume_confirmed_q95,3.0,2020,-0.1383761370087176,-0.1382882973462215,-2.6156559407104893,-0.1559925700291211,318,0.4096385542168674
S05_volume_confirmed_q95,3.0,2021,-0.0266347204371163,-0.0264008807728937,-0.6189869453331913,-0.0593672165534067,265,0.3888888888888889
S05_volume_confirmed_q95,3.0,2022,-0.0927559873679698,-0.0919698222204464,-1.5343481420436331,-0.1089241063525043,327,0.398406374501992
S05_volume_confirmed_q95,3.0,2023,-0.0806543312993953,-0.0797543150422115,-1.6101018527513205,-0.0806267556658106,346,0.416
S05_volume_confirmed_q95,3.0,2024,-0.1089316980115358,-0.1088613525608543,-2.595864271421849,-0.1148406361438095,352,0.3809523809523809
S05_volume_confirmed_q95,3.0,2025,-0.0395818843823194,-0.0394491305935851,-0.7432438000724257,-0.0990842538104852,135,0.428
S05_volume_confirmed_q95,3.0,2026,0.027472037179326,0.0088688656574063,0.3676702093379008,-0.0448764968459979,35,0.4512195121951219
S05_volume_confirmed_q95,5.0,2019,-0.1216313448881343,-0.0665644452102319,-5.942804310926891,-0.0679285840787377,171,0.2164179104477611
S05_volume_confirmed_q95,5.0,2020,-0.2030414204456047,-0.2029176108299374,-3.954967115103965,-0.2160371799031819,340,0.3534136546184739
S05_volume_confirmed_q95,5.0,2021,-0.0837591621300193,-0.0830457165467364,-2.05839443396363,-0.1003774316324126,312,0.365079365079365
S05_volume_confirmed_q95,5.0,2022,-0.1540824974973367,-0.1528220427974032,-2.662064939944381,-0.1637805364815007,350,0.3545816733067729
S05_volume_confirmed_q95,5.0,2023,-0.1357711720918838,-0.1343025699198966,-2.801141507760625,-0.1346043329292984,346,0.384
S05_volume_confirmed_q95,5.0,2024,-0.1661513801065093,-0.1660476685699971,-4.064507117218802,-0.1710368084362331,352,0.3492063492063492
S05_volume_confirmed_q95,5.0,2025,-0.1049799551786779,-0.1046401715826618,-2.092433128513467,-0.1330353763014377,225,0.404
S05_volume_confirmed_q95,5.0,2026,-0.0990003185542162,-0.0333948721590393,-1.223411864447014,-0.0603025305616587,85,0.3658536585365853
S06_vwap_displacement_q99,-1.0,2019,-0.0237595209017973,-0.0126908249491128,-0.4282430325781262,-0.0426622067647702,49,0.2014925373134328
S06_vwap_displacement_q99,-1.0,2020,-0.0119933791795932,-0.0119852195501792,-0.0140016037132749,-0.1651296742714104,59,0.3895582329317269
S06_vwap_displacement_q99,-1.0,2021,-0.0004950982470578,-0.0004906939364273,0.0531679042719565,-0.1313196413558832,182,0.365079365079365
S06_vwap_displacement_q99,-1.0,2022,0.0362474607276208,0.0359192061980497,0.3461096400890262,-0.1036340707300705,19,0.4023904382470119
S06_vwap_displacement_q99,-1.0,2023,-0.101335939626509,-0.1002179846193898,-1.1632323197109895,-0.1620748047251935,280,0.344
S06_vwap_displacement_q99,-1.0,2024,0.0791484556040054,0.079092193429292,0.804285828118578,-0.0931353831491357,113,0.3293650793650793
S06_vwap_displacement_q99,-1.0,2025,-0.1473617761312218,-0.1468964625642774,-1.1628352122767107,-0.2241835644114886,95,0.36
S06_vwap_displacement_q99,-1.0,2026,0.7691505102565843,0.2042670878513608,3.833873252616048,-0.0705497943220168,28,0.6341463414634146
S06_vwap_displacement_q99,-0.5,2019,-0.0372621443394632,-0.0199676428197118,-0.69320689665105,-0.0443897201106343,49,0.1940298507462686
S06_vwap_displacement_q99,-0.5,2020,-0.0614898099448741,-0.0614490429228474,-0.3738247199837256,-0.1811747729509502,59,0.3855421686746988
S06_vwap_displacement_q99,-0.5,2021,-0.0333093559844277,-0.0330179168820149,-0.2340776923370623,-0.147822865185302,285,0.3611111111111111
S06_vwap_displacement_q99,-0.5,2022,-0.0060613158936658,-0.0060075445449195,0.0133055062631424,-0.1074727063603928,37,0.4023904382470119
S06_vwap_displacement_q99,-0.5,2023,-0.1249569789045995,-0.1235968224497098,-1.4615329714240703,-0.1787842587389153,280,0.328
S06_vwap_displacement_q99,-0.5,2024,0.0466179067480223,0.0465852665868871,0.5014904957769712,-0.0997711868252965,219,0.3293650793650793
S06_vwap_displacement_q99,-0.5,2025,-0.1769260734331396,-0.1763774303140428,-1.430760627499737,-0.2337415074514761,95,0.356
S06_vwap_displacement_q99,-0.5,2026,0.6371391347698114,0.174221407354906,3.315119500616673,-0.0757322337851265,31,0.6219512195121951
S06_vwap_displacement_q99,0.0,2019,-0.0505802207605163,-0.0271920313125058,-0.9588877900171314,-0.0480776895560219,133,0.1865671641791045
S06_vwap_displacement_q99,0.0,2020,-0.1085357177632099,-0.1084656121671217,-0.7279172791902592,-0.2043846256556691,298,0.3694779116465863
S06_vwap_displacement_q99,0.0,2021,-0.0650547036185288,-0.0644949292083822,-0.5220338042140032,-0.1666498249039755,285,0.3531746031746032
S06_vwap_displacement_q99,0.0,2022,-0.0466535569154583,-0.046248184414775,-0.3187775363670687,-0.1129249975159835,37,0.398406374501992
S06_vwap_displacement_q99,0.0,2023,-0.1479617718658155,-0.1463727914287488,-1.758270279646659,-0.1972001719420066,319,0.328
S06_vwap_displacement_q99,0.0,2024,0.0150606489160312,0.0150502632775897,0.1982260519824553,-0.1152253487962918,219,0.3253968253968254
S06_vwap_displacement_q99,0.0,2025,-0.2054725867258973,-0.2048469212954397,-1.6970094074062674,-0.2431847297095809,95,0.348
S06_vwap_displacement_q99,0.0,2026,0.5149286704014253,0.1449131389428575,2.797719879243492,-0.0872451393816671,59,0.6219512195121951
S06_vwap_displacement_q99,1.0,2019,-0.0766726685316655,-0.0414849944788515,-1.4905977896381544,-0.057936392211029,133,0.1865671641791045
S06_vwap_displacement_q99,1.0,2020,-0.1957498107170158,-0.195629882690664,-1.415487782456381,-0.2765719589183922,302,0.3493975903614458
S06_vwap_displacement_q99,1.0,2021,-0.1254757493145365,-0.1244318161256331,-1.0988869459200277,-0.2030784296461393,285,0.3492063492063492
S06_vwap_displacement_q99,1.0,2022,-0.1229624714634534,-0.1219379598710315,-0.979651118554768,-0.1648720012034539,256,0.3745019920318725
S06_vwap_displacement_q99,1.0,2023,-0.1921860370186718,-0.1901774453912971,-2.3459398856592766,-0.2335234957658728,319,0.308
S06_vwap_displacement_q99,1.0,2024,-0.0452487487783058,-0.0452184887339125,-0.4084535947293087,-0.1456578246151665,220,0.3055555555555556
S06_vwap_displacement_q99,1.0,2025,-0.2596502311875818,-0.2588881238232271,-2.2237835031854045,-0.2693292426705818,335,0.332
S06_vwap_displacement_q99,1.0,2026,0.2970677891355293,0.0884380577541659,1.7692764383822277,-0.1141320826404593,63,0.5975609756097561
S06_vwap_displacement_q99,3.0,2019,-0.1267504576578723,-0.0694578444036682,-2.5426984847372127,-0.0789168546326086,141,0.1791044776119403
S06_vwap_displacement_q99,3.0,2020,-0.3456743993740926,-0.3454844112711743,-2.690043149090524,-0.4025992530140053,302,0.3172690763052209
S06_vwap_displacement_q99,3.0,2021,-0.2349387129107805,-0.2331134879651711,-2.247933902004952,-0.2714490665510732,286,0.3174603174603174
S06_vwap_displacement_q99,3.0,2022,-0.2578471165324416,-0.2558752819491806,-2.280661103039409,-0.2705481211703664,330,0.3545816733067729
S06_vwap_displacement_q99,3.0,2023,-0.2739148245817887,-0.2712054776770238,-3.4908221694149018,-0.3026490341824348,333,0.264
S06_vwap_displacement_q99,3.0,2024,-0.1554040339169661,-0.1553063899081979,-1.6136686386635757,-0.2038432381522139,220,0.2817460317460317
S06_vwap_displacement_q99,3.0,2025,-0.3572458627932103,-0.3562728723751966,-3.2499896188070085,-0.3610178843896516,335,0.308
S06_vwap_displacement_q99,3.0,2026,-0.0495430765504417,-0.0164186284995698,-0.2471993936674372,-0.1666452752919677,63,0.5609756097560976
S06_vwap_displacement_q99,5.0,2019,-0.1741430869552451,-0.0966322832241021,-3.556590569215605,-0.1000806984558789,141,0.1417910447761194
S06_vwap_displacement_q99,5.0,2020,-0.4679335915846457,-0.4677037493675581,-3.810867389328535,-0.5069281966863253,302,0.2771084337349397
S06_vwap_displacement_q99,5.0,2021,-0.330797040300031,-0.3284009982983046,-3.375039921957216,-0.3354380767810004,297,0.2857142857142857
S06_vwap_displacement_q99,5.0,2022,-0.3721023639089323,-0.3694968856425137,-3.540840474054184,-0.3749719990035541,330,0.3187250996015936
S06_vwap_displacement_q99,5.0,2023,-0.3474317570247118,-0.3441826183868826,-4.583122966591196,-0.3684707109120022,333,0.232
S06_vwap_displacement_q99,5.0,2024,-0.2529367539467012,-0.2527876304412181,-2.7920431910671093,-0.2728671415868163,322,0.2619047619047619
S06_vwap_displacement_q99,5.0,2025,-0.4420588247720985,-0.4409435444028164,-4.232447202499243,-0.4414600988286332,342,0.288
S06_vwap_displacement_q99,5.0,2026,-0.3038976185179908,-0.1113264899949507,-2.184799559885942,-0.2170615698976166,64,0.5121951219512195
S07_market_residual_q99,-1.0,2019,-0.0106040371233026,-0.0056463349916592,-0.7100376169392205,-0.0150312381362686,125,0.1044776119402985
S07_market_residual_q99,-1.0,2020,-0.0163407728158612,-0.0163296799886557,-0.4018086935253775,-0.0560267460969726,263,0.3253012048192771
S07_market_residual_q99,-1.0,2021,0.0148262154187444,0.0146933270637852,0.5718827608232988,-0.0182272741937522,12,0.2619047619047619
S07_market_residual_q99,-1.0,2022,0.0017276856475931,0.0017122995206575,0.0596084139781549,-0.0279872740718131,23,0.350597609561753
S07_market_residual_q99,-1.0,2023,-0.0327591953997361,-0.0323842540634217,-1.3893850458191326,-0.037977985507475,276,0.272
S07_market_residual_q99,-1.0,2024,-0.027037107796756,-0.0270188541923441,-0.8032777992324512,-0.0512929831441544,95,0.2619047619047619
S07_market_residual_q99,-1.0,2025,-0.0211544123491808,-0.0210827839138159,-0.545905244099959,-0.0490968115512375,133,0.252
S07_market_residual_q99,-1.0,2026,0.1950130554385907,0.059761987270934,2.620751728334641,-0.0208864063443786,20,0.4512195121951219
S07_market_residual_q99,-0.5,2019,-0.0117517501019452,-0.0062591560721042,-0.7895744315050807,-0.015491002684717,125,0.0970149253731343
S07_market_residual_q99,-0.5,2020,-0.0237658573444251,-0.0237497852168045,-0.5938228451806535,-0.061634243192487,263,0.321285140562249
S07_market_residual_q99,-0.5,2021,0.0103632841334648,0.0102705995556942,0.4035630556866674,-0.0196695872485475,78,0.2619047619047619
S07_market_residual_q99,-0.5,2022,-0.005689505154412,-0.0056390228607625,-0.0939167196079755,-0.0309124869164804,113,0.3466135458167331
S07_market_residual_q99,-0.5,2023,-0.0366684634893628,-0.0362496232031805,-1.5536253205594976,-0.0406702325805947,276,0.272
S07_market_residual_q99,-0.5,2024,-0.0313611827392072,-0.0313400571166813,-0.9360629930407204,-0.0525431264758924,95,0.2619047619047619
S07_market_residual_q99,-0.5,2025,-0.0260876937497612,-0.0259995843175021,-0.6786740573904051,-0.0502425002295038,133,0.252
S07_market_residual_q99,-0.5,2026,0.1787004635295761,0.055026937550318,2.424799767139568,-0.0215904669502919,20,0.4512195121951219
S07_market_residual_q99,0.0,2019,-0.0128981610830677,-0.0068716151627969,-0.8693005315067474,-0.0159505641093404,125,0.0895522388059701
S07_market_residual_q99,0.0,2020,-0.0311356339600621,-0.0311146578194612,-0.7844757675516297,-0.067209052469381,263,0.3132530120481928
S07_market_residual_q99,0.0,2021,0.0059197579776302,0.0058669296670479,0.2360436232920538,-0.0211580362599511,78,0.2619047619047619
S07_market_residual_q99,0.0,2022,-0.0130522075703591,-0.0129368233393125,-0.2475557454815087,-0.0357774418434545,270,0.3386454183266932
S07_market_residual_q99,0.0,2023,-0.0405621014455575,-0.0400997191575402,-1.716290264657948,-0.0434859863731851,318,0.264
S07_market_residual_q99,0.0,2024,-0.0356662847511589,-0.0356423128288022,-1.0685588349203945,-0.0538420332005994,131,0.2619047619047619
S07_market_residual_q99,0.0,2025,-0.0309963797143054,-0.0308919560521387,-0.8110852692035041,-0.0513868886878703,133,0.252
S07_market_residual_q99,0.0,2026,0.1626091646601413,0.0503126371446487,2.228029937716807,-0.022294077133075,20,0.4512195121951219
S07_market_residual_q99,1.0,2019,-0.0151870828274582,-0.0080954481938065,-1.0292171113918438,-0.0168690779262159,125,0.0895522388059701
S07_market_residual_q99,1.0,2020,-0.0457108867478813,-0.0456803251008564,-1.1610117605596155,-0.0782613545133151,263,0.285140562248996
S07_market_residual_q99,1.0,2021,-0.0029094122708099,-0.0028835616375165,-0.096220486191176,-0.0241284437977253,78,0.25
S07_market_residual_q99,1.0,2022,-0.0276157328972417,-0.0273734021113378,-0.5550019203314364,-0.0475101601588368,318,0.3346613545816733
S07_market_residual_q99,1.0,2023,-0.0483027339981079,-0.0477543300470247,-2.036638032081743,-0.0501961065967939,318,0.264
S07_market_residual_q99,1.0,2024,-0.0442198983978828,-0.0441903103560085,-1.3324381862786572,-0.0579074813216204,131,0.2539682539682539
S07_market_residual_q99,1.0,2025,-0.0407404499520077,-0.0406038931679721,-1.074651849981417,-0.0550127958928738,216,0.248
S07_market_residual_q99,1.0,2026,0.1310785527027838,0.0409459279985291,1.832237364309624,-0.0236999472484783,20,0.4512195121951219
S07_market_residual_q99,3.0,2019,-0.0197493657801692,-0.0105387793802769,-1.3501622400386464,-0.0187036718023179,125,0.0820895522388059
S07_market_residual_q99,3.0,2020,-0.0742153896265569,-0.0741665240986076,-1.8906819614724308,-0.0999818627113086,263,0.2650602409638554
S07_market_residual_q99,3.0,2021,-0.0203385380195075,-0.0201594019904016,-0.7472225657162507,-0.0300433811835985,78,0.242063492063492
S07_market_residual_q99,3.0,2022,-0.0561062054443942,-0.0556211215666596,-1.1693475178059336,-0.0730179938301638,318,0.3107569721115538
S07_market_residual_q99,3.0,2023,-0.0635991414540472,-0.0628828846350516,-2.655855259014006,-0.0634772234510726,318,0.252
S07_market_residual_q99,3.0,2024,-0.0611030434794823,-0.0610625244503097,-1.8540869257951549,-0.0698948263069262,293,0.242063492063492
S07_market_residual_q99,3.0,2025,-0.0599387429977222,-0.059739867033084,-1.5955265245286911,-0.0648113691298184,216,0.236
S07_market_residual_q99,3.0,2026,0.0705442271760348,0.0224576033611367,1.0331022553653388,-0.0268080613319112,22,0.4268292682926829
S07_market_residual_q99,5.0,2019,-0.0242909779519127,-0.0129763416230456,-1.6711291187745283,-0.0205350251811222,125,0.0746268656716417
S07_market_residual_q99,5.0,2020,-0.101879464981515,-0.1018134092027988,-2.5823161955279104,-0.121199939832475,263,0.2409638554216867
S07_market_residual_q99,5.0,2021,-0.0374663995181593,-0.0371392920617237,-1.3761188649270863,-0.0418513476829293,340,0.2301587301587301
S07_market_residual_q99,5.0,2022,-0.0837683341078191,-0.0830548139909033,-1.7806519644629155,-0.0978486151548326,318,0.2868525896414343
S07_market_residual_q99,5.0,2023,-0.0786523052043857,-0.0777736722023251,-3.2441114615630475,-0.0777736722023251,346,0.236
S07_market_residual_q99,5.0,2024,-0.0776917029727231,-0.077640645872123,-2.364599332639372,-0.0832353953479208,335,0.2182539682539682
S07_market_residual_q99,5.0,2025,-0.078756886155264,-0.0784982229503368,-2.1058480125430776,-0.0827678949486009,344,0.232
S07_market_residual_q99,5.0,2026,0.0132303306427017,0.0042914141066865,0.2268106347145254,-0.0300952656240697,28,0.4146341463414634
S08_breadth_reversal_q99,-1.0,2019,-0.0060730059470431,-0.0032302409138931,-2.803145554409357,-0.0032302409138931,137,0.0074626865671641
S08_breadth_reversal_q99,-1.0,2020,0.002475194010121,0.0024734977386071,0.1451922517743467,-0.0222737952366003,154,0.1405622489959839
S08_breadth_reversal_q99,-1.0,2021,0.0004603270588288,0.0004562301275117,0.0479529317307212,-0.011869197065034,274,0.0952380952380952
S08_breadth_reversal_q99,-1.0,2022,-0.008027229904109,-0.0079560883889215,-0.5563299118931155,-0.0207594545711995,99,0.1434262948207171
S08_breadth_reversal_q99,-1.0,2023,-0.0055520263554473,-0.0054876013053992,-0.7154479951260283,-0.0090091206760655,143,0.068
S08_breadth_reversal_q99,-1.0,2024,-0.0207145131685073,-0.0207004826294617,-1.7630564648725664,-0.0251691464175268,294,0.115079365079365
S08_breadth_reversal_q99,-1.0,2025,0.0249110518754911,0.024824748913528,1.8092801598730224,-0.0037708341160662,52,0.132
S08_breadth_reversal_q99,-1.0,2026,0.0519711895138073,0.0166441041273284,1.4085170364573756,-0.0149828130860122,22,0.3292682926829268
S08_breadth_reversal_q99,-0.5,2019,-0.0061822222190098,-0.0032884177915378,-2.8172780181096817,-0.0032884177915378,137,0.0074626865671641
S08_breadth_reversal_q99,-0.5,2020,0.001189369678832,0.0011885551160568,0.0746868942443727,-0.0226407455380719,154,0.1405622489959839
S08_breadth_reversal_q99,-0.5,2021,-0.0002797055270806,-0.0002772170480931,-0.0205648458286155,-0.012264643063383,274,0.0952380952380952
S08_breadth_reversal_q99,-0.5,2022,-0.0092777253324973,-0.0091955527286297,-0.6440558420858942,-0.0212005449731703,99,0.1434262948207171
S08_breadth_reversal_q99,-0.5,2023,-0.0061556147479757,-0.0060842071798642,-0.7930271396791294,-0.009257013436414,143,0.068
S08_breadth_reversal_q99,-0.5,2024,-0.021531276990234,-0.0215166993338908,-1.8281428006047429,-0.0259329913626068,294,0.115079365079365
S08_breadth_reversal_q99,-0.5,2025,0.0240212595221813,0.0239380750598237,1.7552380098124072,-0.0038787794950282,52,0.132
S08_breadth_reversal_q99,-0.5,2026,0.0483483068311816,0.0155020650310195,1.3162894101475713,-0.0151803142119885,22,0.3170731707317073
S08_breadth_reversal_q99,0.0,2019,-0.0062914276606819,-0.0033465918973607,-2.830854815304516,-0.0033465918973607,137,0.0074626865671641
S08_breadth_reversal_q99,0.0,2020,-9.48533185493039e-05,-9.478839806820184e-05,0.0038628216944871,-0.0230075634939449,154,0.1405622489959839
S08_breadth_reversal_q99,0.0,2021,-0.0010192047210405,-0.0010101404040659,-0.0890175990014676,-0.0126599376770271,274,0.0952380952380952
S08_breadth_reversal_q99,0.0,2022,-0.0105266728033338,-0.0104334966607173,-0.7315808109565572,-0.0216414467785552,99,0.1394422310756972
S08_breadth_reversal_q99,0.0,2023,-0.0067588476768046,-0.0066804659151259,-0.8703026387896979,-0.0095048485970304,143,0.064
S08_breadth_reversal_q99,0.0,2024,-0.0223473748450923,-0.0223322509833283,-1.8926919818414416,-0.0266962524141209,294,0.115079365079365
S08_breadth_reversal_q99,0.0,2025,0.0231322209337001,0.0230521496958207,1.7005036756084453,-0.0039867144921418,52,0.132
S08_breadth_reversal_q99,0.0,2026,0.0447377964828481,0.0143612757760414,1.2236603728946016,-0.0153777806994069,22,0.3170731707317073
S08_breadth_reversal_q99,1.0,2019,-0.0065098060569848,-0.0034629317939565,-2.856441982698854,-0.0034629317939565,137,0.0074626865671641
S08_breadth_reversal_q99,1.0,2020,-0.0026585030558535,-0.0026566858289407,-0.1386460304948983,-0.0237408025521702,154,0.1325301204819277
S08_breadth_reversal_q99,1.0,2021,-0.0024966044310118,-0.0024744171143598,-0.2256443684043602,-0.013450072971785,274,0.0952380952380952
S08_breadth_reversal_q99,1.0,2022,-0.0130199313955509,-0.0129048306232113,-0.9059156984060924,-0.0225226849052306,99,0.1394422310756972
S08_breadth_reversal_q99,1.0,2023,-0.0079642479553887,-0.0078719427512509,-1.0238038110411012,-0.0100003461686141,143,0.06
S08_breadth_reversal_q99,1.0,2024,-0.0239775747770656,-0.0239613612356663,-2.0201411099796305,-0.0282210245776722,294,0.1111111111111111
S08_breadth_reversal_q99,1.0,2025,0.0213564025597408,0.0212825419717552,1.5889421213897457,-0.0042025533443273,52,0.128
S08_breadth_reversal_q99,1.0,2026,0.0375537253424029,0.0120834414628987,1.0372293510502313,-0.0157726097796125,22,0.3170731707317073
S08_breadth_reversal_q99,3.0,2019,-0.0069464329283305,-0.0036955783298604,-2.9019882011936797,-0.0036955783298604,137,0.0074626865671641
S08_breadth_reversal_q99,3.0,2020,-0.0077666715833488,-0.0077613762696964,-0.4264053202825538,-0.025205694536653,154,0.1325301204819277
S08_breadth_reversal_q99,3.0,2021,-0.0054450196101379,-0.0053967007152433,-0.4972074281875936,-0.0151613281496668,295,0.0952380952380952
S08_breadth_reversal_q99,3.0,2022,-0.0179879557189586,-0.0178293340686515,-1.2509631412613422,-0.0260716727065934,282,0.1394422310756972
S08_breadth_reversal_q99,3.0,2023,-0.0103707918741678,-0.0102507393624233,-1.325680628076456,-0.0109906506599107,143,0.044
S08_breadth_reversal_q99,3.0,2024,-0.0272300063668931,-0.0272116243601489,-2.268210984867301,-0.0312635813176547,294,0.1031746031746031
S08_breadth_reversal_q99,3.0,2025,0.0178137836114991,0.017752281310897,1.3573520709092188,-0.0048080926790865,159,0.128
S08_breadth_reversal_q99,3.0,2026,0.0233322170115994,0.0075427124109439,0.6599071918198367,-0.0165618525087557,22,0.2804878048780488
S08_breadth_reversal_q99,5.0,2019,-0.0073828866225608,-0.00392818052826,-2.9410894663203027,-0.00392818052826,137,0.0074626865671641
S08_breadth_reversal_q99,5.0,2020,-0.012849434863669,-0.0128406966148669,-0.7164115759746402,-0.0266684741183912,154,0.1285140562248996
S08_breadth_reversal_q99,5.0,2021,-0.0083849423753953,-0.0083106439240169,-0.765457186045499,-0.0171957625703889,295,0.0952380952380952
S08_breadth_reversal_q99,5.0,2022,-0.0229314226365189,-0.0227297152770163,-1.5898033141761445,-0.0300272411860869,282,0.1394422310756972
S08_breadth_reversal_q99,5.0,2023,-0.0127716710736787,-0.0126240036412617,-1.619101636388874,-0.0126240036412617,345,0.044
S08_breadth_reversal_q99,5.0,2024,-0.0304718417914284,-0.0304513057858871,-2.506819617103892,-0.0342968444109557,294,0.0992063492063492
S08_breadth_reversal_q99,5.0,2025,0.0142831553033246,0.014233927622701,1.1143482773270688,-0.0056038407697051,159,0.12
S08_breadth_reversal_q99,5.0,2026,0.009304023348476,0.0030218321117245,0.2771121064536315,-0.0173505416099314,22,0.2682926829268293
S09_gap_reaction_q95,-1.0,2019,0.0350534043715411,0.0184679458223107,1.1583363336976498,-0.0112490332814458,22,0.0373134328358208
S09_gap_reaction_q95,-1.0,2020,0.0366993156222787,0.0366737412317736,0.670891942998973,-0.0319129481928552,56,0.0883534136546184
S09_gap_reaction_q95,-1.0,2021,0.0791024847868961,0.0783717451777183,1.1454017844723574,-0.0407157714850018,13,0.0833333333333333
S09_gap_reaction_q95,-1.0,2022,0.1600288248363262,0.1584975953869973,1.7622001068397646,-0.0470139002516073,28,0.1633466135458167
S09_gap_reaction_q95,-1.0,2023,0.0687776981798471,0.067950819257099,1.273153260591925,-0.0422546005440244,72,0.112
S09_gap_reaction_q95,-1.0,2024,0.0935915524546664,0.0935245862205813,1.2635498860043093,-0.0350604635868386,12,0.1309523809523809
S09_gap_reaction_q95,-1.0,2025,-0.0072423764561586,-0.0072176804374775,-0.1007270797877537,-0.0496185193258734,182,0.116
S09_gap_reaction_q95,-1.0,2026,0.0847290138855125,0.0268519101194595,1.4143560377554312,-0.0204770396030156,58,0.1585365853658536
S09_gap_reaction_q95,-0.5,2019,0.0327220976801472,0.017248885968111,1.0884488283062614,-0.0115141790133125,22,0.0373134328358208
S09_gap_reaction_q95,-0.5,2020,0.0309104234334778,0.0308889429570538,0.5716613381935277,-0.0329493097978782,56,0.0843373493975903
S09_gap_reaction_q95,-0.5,2021,0.0733213793486891,0.0726458233606901,1.068791795974953,-0.0411047935994487,13,0.0833333333333333
S09_gap_reaction_q95,-0.5,2022,0.149177425596948,0.1477564999589402,1.6563124842855057,-0.0476552261218661,28,0.1593625498007968
S09_gap_reaction_q95,-0.5,2023,0.0616016268664603,0.0608634575679329,1.1495476164376528,-0.0434088169121331,72,0.112
S09_gap_reaction_q95,-0.5,2024,0.085028525509669,0.084967921357705,1.1575582695543032,-0.0354510291128966,12,0.1269841269841269
S09_gap_reaction_q95,-0.5,2025,-0.0139948673454879,-0.0139473080906079,-0.2217608240143095,-0.053923967029501,182,0.112
S09_gap_reaction_q95,-0.5,2026,0.076778741393388,0.0243937996915901,1.2920379974244225,-0.0215241169331683,58,0.1585365853658536
S09_gap_reaction_q95,0.0,2019,0.030395732670442,0.0160311233089971,1.01760037373223,-0.0117792891896232,22,0.0373134328358208
S09_gap_reaction_q95,0.0,2020,0.0251530912362412,0.0251356603024381,0.4720958780009008,-0.0339847005101432,56,0.0803212851405622
S09_gap_reaction_q95,0.0,2021,0.0675704817206168,0.0669495487241524,0.9917724605281648,-0.041493710527254,13,0.0833333333333333
S09_gap_reaction_q95,0.0,2022,0.138426110831686,0.1371135815894648,1.5498309329396354,-0.048296206681047,28,0.1593625498007968
S09_gap_reaction_q95,0.0,2023,0.0544727914871536,0.0538221959097211,1.0250782671607257,-0.0445617966817987,72,0.112
S09_gap_reaction_q95,0.0,2024,0.0765314216560535,0.0764770849188518,1.0510466584666334,-0.0358414892417375,12,0.1269841269841269
S09_gap_reaction_q95,0.0,2025,-0.0207023210166714,-0.0206322071663981,-0.3426431403829249,-0.058210481227652,182,0.104
S09_gap_reaction_q95,0.0,2026,0.0688856914372468,0.0219412473797921,1.1688654938167478,-0.0225702147630042,58,0.1585365853658536
S09_gap_reaction_q95,1.0,2019,0.0257577884373998,0.0135994847451896,0.8732105988991052,-0.0123094028755785,22,0.0298507462686567
S09_gap_reaction_q95,1.0,2020,0.013732436136377,0.0137229725957679,0.2721899413906952,-0.0377121516830184,203,0.0803212851405622
S09_gap_reaction_q95,1.0,2021,0.0561586952442338,0.0556453433754406,0.8366140084895474,-0.0422712288798293,13,0.0833333333333333
S09_gap_reaction_q95,1.0,2022,0.1172201030389306,0.1161187459566077,1.3352236346652206,-0.0495771324239843,28,0.1593625498007968
S09_gap_reaction_q95,1.0,2023,0.0403556116684651,0.0398767994050199,0.7738982097031735,-0.0468640510624858,72,0.112
S09_gap_reaction_q95,1.0,2024,0.0597329915916562,0.0596909099429134,0.836644091284756,-0.0374356540403992,75,0.1269841269841269
S09_gap_reaction_q95,1.0,2025,-0.0339832925691824,-0.0338689832535046,-0.5836260926498023,-0.066727031769836,182,0.1
S09_gap_reaction_q95,1.0,2026,0.0532696446427285,0.0170527698084104,0.9202579818575016,-0.0246594750631375,58,0.1585365853658536
S09_gap_reaction_q95,3.0,2019,0.0165407693238475,0.0087517208733907,0.5751939783898825,-0.0133692035808222,22,0.0298507462686567
S09_gap_reaction_q95,3.0,2020,-0.0087374831207597,-0.0087315288252233,-0.1290791189896596,-0.0509872216236581,203,0.0803212851405622
S09_gap_reaction_q95,3.0,2021,0.0336908973933769,0.0333861660191319,0.5226133399240256,-0.0438250039710592,13,0.0833333333333333
S09_gap_reaction_q95,3.0,2022,0.0759696052108693,0.0752688045194656,0.9004471271094219,-0.0521348463107023,28,0.1593625498007968
S09_gap_reaction_q95,3.0,2023,0.0126748049040883,0.0125264027185953,0.2651647041292441,-0.0514537715939482,72,0.112
S09_gap_reaction_q95,3.0,2024,0.0269055068051669,0.026886845608024,0.4036396560627084,-0.0445693115678312,109,0.119047619047619
S09_gap_reaction_q95,3.0,2025,-0.0600176186094254,-0.0598184893485388,-1.060232802257173,-0.087284376462663,312,0.092
S09_gap_reaction_q95,3.0,2026,0.0227066180300479,0.0073419931221119,0.4162281135157309,-0.028826276185735,58,0.1585365853658536
S09_gap_reaction_q95,5.0,2019,0.0074017238248424,0.0039245771754632,0.2682601738933087,-0.0144284353971771,22,0.0298507462686567
S09_gap_reaction_q95,5.0,2020,-0.0307209388734189,-0.0307002376647315,-0.529128084347903,-0.064086108194173,203,0.0803212851405622
S09_gap_reaction_q95,5.0,2021,0.0116894621488474,0.0115848489746932,0.2052967145943999,-0.0453770976689138,13,0.0753968253968253
S09_gap_reaction_q95,5.0,2022,0.0362213978296888,0.0358933833878294,0.4603030168416842,-0.0546870508264606,28,0.147410358565737
S09_gap_reaction_q95,5.0,2023,-0.0142836756119162,-0.014118651553129,-0.2468714550618142,-0.0598003290206312,185,0.108
S09_gap_reaction_q95,5.0,2024,-0.0049217759100018,-0.00491841543612,-0.0323485730597069,-0.0542279128356136,109,0.115079365079365
S09_gap_reaction_q95,5.0,2025,-0.0853636627310021,-0.0850843187593597,-1.525684925006181,-0.1104034693872347,312,0.084
S09_gap_reaction_q95,5.0,2026,-0.0069851470131783,-0.0022811702813774,-0.0923811241129194,-0.0329774930907562,58,0.1463414634146341
S10_bar_structure_q99,-1.0,2019,-0.0210003892987198,-0.0112096961098477,-2.1564727190038395,-0.0124827150073872,137,0.044776119402985
S10_bar_structure_q99,-1.0,2020,0.0715406668675537,0.0714899899216356,1.4467381886020354,-0.0398830675842795,70,0.253012048192771
S10_bar_structure_q99,-1.0,2021,-0.0391882595531133,-0.0388464245051247,-1.3235101381413328,-0.050699318269209,344,0.1507936507936507
S10_bar_structure_q99,-1.0,2022,-0.0451039839896888,-0.0447117576856608,-0.8473043177496037,-0.0623839558410029,294,0.2270916334661354
S10_bar_structure_q99,-1.0,2023,-0.0018782146853132,-0.0018563803291192,-0.0617640384705206,-0.0249760684134029,141,0.176
S10_bar_structure_q99,-1.0,2024,0.0056606301885009,0.0056567447604074,0.1806582349117152,-0.0359531831259566,101,0.1626984126984127
S10_bar_structure_q99,-1.0,2025,0.0492486852686488,0.0490760712355571,1.058702161142307,-0.0185008999431803,31,0.184
S10_bar_structure_q99,-1.0,2026,0.1241379171425753,0.0388605159021182,1.623489908755914,-0.0323957015141216,27,0.3780487804878049
S10_bar_structure_q99,-0.5,2019,-0.0222293198990003,-0.011869156030311,-2.2651008712380345,-0.0130755744041358,137,0.044776119402985
S10_bar_structure_q99,-0.5,2020,0.063078173012812,0.0630336653596643,1.2878164151757172,-0.043211987730549,70,0.2449799196787148
S10_bar_structure_q99,-0.5,2021,-0.0436739131486552,-0.0432938389002984,-1.4737454718779015,-0.0545888416439817,344,0.1428571428571428
S10_bar_structure_q99,-0.5,2022,-0.0514811087198725,-0.0510349230704492,-0.9718045222628982,-0.0672878382579137,294,0.2270916334661354
S10_bar_structure_q99,-0.5,2023,-0.0060780147584276,-0.0060075046575555,-0.2281623854300372,-0.0264716521709246,141,0.168
S10_bar_structure_q99,-0.5,2024,0.0007435745055346,0.0007430653674789,0.0387350126906837,-0.0377539869138243,101,0.1626984126984127
S10_bar_structure_q99,-0.5,2025,0.0449865385729826,0.0448291801571609,0.9752589865515912,-0.019084584875921,47,0.18
S10_bar_structure_q99,-0.5,2026,0.107268902783401,0.0337555371178073,1.422431945929688,-0.0336244529269756,27,0.3658536585365853
S10_bar_structure_q99,0.0,2019,-0.0234567610350818,-0.0125282047077192,-2.3709287497616724,-0.0136681042281024,137,0.044776119402985
S10_bar_structure_q99,0.0,2020,0.0546814181601422,0.054642986335897,1.1274183942154827,-0.0467364387311018,180,0.2409638554216867
S10_bar_structure_q99,0.0,2021,-0.0481389603144287,-0.0477210068751915,-1.6222610310983316,-0.058462715757292,344,0.1388888888888889
S10_bar_structure_q99,0.0,2022,-0.0578161223044956,-0.0573167081724319,-1.0956233143026275,-0.0721664485425334,294,0.2231075697211155
S10_bar_structure_q99,0.0,2023,-0.0102604006283921,-0.0101416194493829,-0.3940488365207625,-0.0279922760563928,308,0.164
S10_bar_structure_q99,0.0,2024,-0.0041498187625165,-0.0041469842640752,-0.1036503137348585,-0.0395515682875833,101,0.1587301587301587
S10_bar_structure_q99,0.0,2025,0.0407414172482514,0.0405991945847414,0.8909720803925955,-0.0196739733679445,47,0.18
S10_bar_structure_q99,0.0,2026,0.0906513325774378,0.028675123342867,1.220017614426511,-0.0348517954323817,27,0.3658536585365853
S10_bar_structure_q99,1.0,2019,-0.0259071818779526,-0.0138450692890046,-2.5740688398837017,-0.0148521758330228,137,0.044776119402985
S10_bar_structure_q99,1.0,2020,0.0380831197341509,0.0380565634361649,0.8027564017508935,-0.0557997159039123,180,0.2289156626506024
S10_bar_structure_q99,1.0,2021,-0.0570076075035446,-0.056514965860257,-1.9137659227269408,-0.0663441439330055,349,0.1388888888888889
S10_bar_structure_q99,1.0,2022,-0.0703609140894448,-0.0697572067503179,-1.341075064615328,-0.0818483653891503,294,0.2071713147410358
S10_bar_structure_q99,1.0,2023,-0.0185732140757576,-0.0183590948155928,-0.723714170514058,-0.0350989065972406,308,0.16
S10_bar_structure_q99,1.0,2024,-0.0138660657880763,-0.0138566410445735,-0.3894029275036752,-0.0431370858527874,101,0.1587301587301587
S10_bar_structure_q99,1.0,2025,0.0323019834562807,0.032189675520347,0.7198994396308449,-0.0212587315801008,132,0.176
S10_bar_structure_q99,1.0,2026,0.0581556883183362,0.0185875284460397,0.8113465923670524,-0.0373022595172093,27,0.3536585365853658
S10_bar_structure_q99,3.0,2019,-0.0307902264799456,-0.0164738740396921,-2.9461396208337534,-0.0172163715937112,137,0.044776119402985
S10_bar_structure_q99,3.0,2020,0.0056535378692537,0.0056496573229538,0.1422407392270091,-0.0739518933558234,195,0.2088353413654618
S10_bar_structure_q99,3.0,2021,-0.0745016952470041,-0.0738638897712585,-2.4725053867729714,-0.0819258539048861,349,0.1349206349206349
S10_bar_structure_q99,3.0,2022,-0.0949571437168378,-0.0941533066575708,-1.822315499864581,-0.1020202578064894,351,0.2031872509960159
S10_bar_structure_q99,3.0,2023,-0.0349929820415401,-0.034592934192247,-1.3708176336357203,-0.0491593148159271,308,0.152
S10_bar_structure_q99,3.0,2024,-0.0330195068242048,-0.0329972832548605,-0.961935600600446,-0.0502696941692966,101,0.1468253968253968
S10_bar_structure_q99,3.0,2025,0.0156244949272836,0.0155706088601135,0.3680386495371912,-0.0254306797117193,132,0.168
S10_bar_structure_q99,3.0,2026,-0.0039784484226683,-0.0012979376111887,-0.019647610144257,-0.0421863444831395,27,0.3292682926829268
S10_bar_structure_q99,5.0,2019,-0.0356496339853646,-0.0190961256170779,-3.273718801473384,-0.0196055503113333,140,0.0373134328358208
S10_bar_structure_q99,5.0,2020,-0.0257791602550382,-0.0257617446407864,-0.5244330389451365,-0.0922207891260683,195,0.1847389558232931
S10_bar_structure_q99,5.0,2021,-0.0916763655990817,-0.0908988853966612,-2.995806737537316,-0.0976989819506413,353,0.1269841269841269
S10_bar_structure_q99,5.0,2022,-0.1189097658985026,-0.1179167058411885,-2.2891155535664423,-0.1248784660096395,351,0.1912350597609561
S10_bar_structure_q99,5.0,2023,-0.0511419904475615,-0.0505622151236708,-1.9950973064026436,-0.0630183115188263,308,0.136
S10_bar_structure_q99,5.0,2024,-0.0518067161002226,-0.0517721905200948,-1.5302619976766303,-0.0576046986974543,105,0.1388888888888889
S10_bar_structure_q99,5.0,2025,-0.0007879867440951,-0.0007852910655754,0.0039035696362944,-0.0326236827631929,215,0.152
S10_bar_structure_q99,5.0,2026,-0.0624874724615294,-0.0208031366123435,-0.865256495295812,-0.0470480487931065,27,0.3048780487804878
